{"cameraMode":{"drawMode":0,"name":"Shaded","section":"Shading Mode"},"sceneLighting":true,"audioPlay":false,"sceneViewState":{"showFog":true,"showMaterialUpdate":false,"showSkybox":true,"showFlares":true,"showImageEffects":true,"showParticleSystems":true,"showVisualEffectGraphs":true,"m_FxEnabled":true},"in2DMode":false,"pivot":{"x":-2.2118043899536135,"y":-0.08264279365539551,"z":1.4878101348876954},"rotation":{"x":-0.12895475327968598,"y":-0.1490466296672821,"z":0.019608603790402414,"w":-0.9801903367042542},"size":3.2050492763519289,"orthographic":false}