{"cameraMode":{"drawMode":0,"name":"Shaded","section":"Shading Mode"},"sceneLighting":true,"audioPlay":false,"sceneViewState":{"showFog":true,"showMaterialUpdate":false,"showSkybox":true,"showFlares":true,"showImageEffects":true,"showParticleSystems":true,"showVisualEffectGraphs":true,"m_FxEnabled":true},"in2DMode":false,"pivot":{"x":0.6831226348876953,"y":-24.584835052490236,"z":97.07441711425781},"rotation":{"x":-0.01230692956596613,"y":-0.020400987938046457,"z":0.00024959733127616346,"w":-0.9997212290763855},"size":73.54586791992188,"orthographic":false}